Go
use BusBookingCompany

insert into station
values
	(765018846, 'Colorado Springs'),
	(487876976, 'San Bernardino'),
	(980343996, 'Lincoln'),
	(928657859, 'Omaha'),
	(452691592, 'Rochester'),
	(849722848, 'Chicago'),
	(802165137, 'Anaheim'),
	(995550964, 'Garland'),
	(780157471, 'Toledo'),
	(340925197, 'Modesto')

insert into bookingEmployee
values
	(540765941, 'Grayce', 'Stanton', 'm', '9886 Marvin Centers Suite 092', 88600, 'amyawolf', 'k9f9W4EUuZb', 802165137),
	(905963358, 'Dimitri', 'Hermann', 'm', '6202 Luna Spring Apt. 456', 93300, 'vstoltenberg', 'xrntQg3b', 980343996),
	(875157606, 'Travon', 'Kirlin', 'm', '8631 Theresia Hill', 47700, 'wadams', 'Y26aaiNeyY', 802165137),
	(350660983, 'Charity', 'Medhurst', 'f', '85630 Kshlerin Hill', 27500, 'callie07', 'qv6EGRdGRPO', 980343996),
	(131315420, 'Al', 'Boehm', 'm', '3100 Lauryn Rue Suite 845', 79100, 'jkoch', 'IqXdIXVULa', 780157471),
	(135522399, 'Darren', 'Luettgen', 'm', '685 Annamae Field Apt. 079', 66800, 'luettgenjay', '4finpJyY2FB', 995550964),
	(472210329, 'Amos', 'Raynor', 'm', '378 Kihn Drive Apt. 317', 55200, 'jenkinsokey', '8Tzmdf2J', 995550964),
	(434291473, 'Norris', 'Witting', 'm', '72700 Mitchel Cove', 91100, 'istreich', 'wWheX1OSp', 780157471),
	(769455241, 'Annabel', 'Schmidt', 'f', '45357 Ritchie Flat Suite 060', 71800, 'michelle69', 'jqfFOAzCG', 765018846),
	(500824623, 'Willy', 'Oberbrunner', 'm', '89929 Schulist Roads Suite 698', 23100, 'rohanvicente', 'Tn4lL8LzSen', 928657859),
	(987608566, 'Landen', 'Hoeger', 'm', '6655 Allie Meadow Suite 108', 77900, 'zblick', 'CCT99Y9kG', 802165137),
	(883309121, 'Giles', 'Graham', 'm', '5715 Kub Ports', 33500, 'erynwillms', '9fm0bw0ljCH', 340925197),
	(923742947, 'Liza', 'Kiehn', 'f', '553 Robel Spur', 53900, 'mclaughlinjodie', 'ybWCfc8hB', 995550964),
	(980108039, 'Ross', 'Ziemann', 'm', '6817 Faye Club Suite 186', 13600, 'jakubowskikenne', 'T0jChfyGFi', 452691592),
	(559508732, 'Seth', 'Schamberger', 'm', '9801 Jerald Bridge Suite 699', 38600, 'douggleichner', 'oaQRFS5z2U', 452691592),
	(241706967, 'Darrel', 'McCullough', 'm', '6846 Russel Oval Suite 388', 47200, 'johnnie04', 's7uQ1eM1', 487876976),
	(549166229, 'Hailee', 'Mitchell', 'f', '2142 Hilbert Isle Suite 960', 55400, 'rtrantow', 'eQLzcPzVrHmP', 995550964),
	(767349942, 'Jan', 'Beier', 'm', '268 Bethany Mission Apt. 393', 74900, 'ziemannisabella', 'vtLExypB6', 849722848),
	(30032044, 'Ivah', 'Donnelly', 'f', '99596 Connell Throughway Suite 063', 41800, 'justicehessel', 'C29eFjSMY6X', 765018846),
	(382559219, 'Shany', 'Hahn', 'f', '482 Glover Underpass', 47500, 'jewell98', 'R3w559AEs', 980343996),
	(444805512, 'Cassie', 'Barrows', 'f', '5309 Jaren Pine', 71300, 'presley14', '3e9tP8J1mZToZ', 928657859),
	(524748351, 'Annabel', 'Gottlieb', 'f', '1258 Cielo Divide Apt. 618', 11900, 'tziemann', 'aX8TwYfW14ZW', 995550964),
	(79477547, 'Tess', 'Powlowski', 'f', '663 Dorthy Fall Suite 828', 75300, 'wolffrafaela', 'hdKqI3r6hg', 849722848),
	(593891395, 'Genesis', 'Predovic', 'f', '53029 Brenna Corner Suite 507', 52900, 'myrtle53', 'BCLmnUQaUk', 452691592),
	(478562338, 'Kennedy', 'Kemmer', 'm', '911 Kurtis Viaduct Apt. 294', 87300, 'madisynmurphy', 'iXXKotPQFnWS', 849722848),
	(837175565, 'Kareem', 'Flatley', 'm', '7070 Lang Fords Apt. 840', 59200, 'brekkejustice', '4jDmAD8d', 928657859),
	(339217068, 'Lonnie', 'Turner', 'm', '930 Rohan Passage', 25600, 'meghangreenfeld', 'YLMl9lDg2', 980343996),
	(780721903, 'Alanna', 'Davis', 'f', '86133 Lucinda Views Apt. 116', 61600, 'tdaniel', 'JNekvcY5Vn', 340925197),
	(925244615, 'Anahi', 'Heaney', 'f', '14015 Quinten Overpass Suite 204', 84700, 'lomarodriguez', 'upXLwHCOx', 849722848),
	(140413863, 'Jaylan', 'Fisher', 'm', '13357 Richard Grove', 97800, 'benedictrodrigu', 'P4CumhPySGk', 995550964),
	(598576335, 'Roman', 'Jaskolski', 'm', '4702 Jewell Pass', 51200, 'royal15', 'gW8y6KwfVS', 452691592),
	(45152616, 'Brandy', 'Lowe', 'f', '933 Ernestina Ranch', 54300, 'elton60', 'SrVHPK1wpezG', 452691592),
	(976844006, 'Aaron', 'Wiegand', 'm', '1597 Una Drives Suite 507', 91400, 'mullerchristina', 'HAs05ymNcUr', 802165137),
	(775551768, 'Henriette', 'Keebler', 'f', '978 Crooks Shores Suite 671', 64900, 'qcormier', 'ik1WcX62Q', 849722848),
	(376283495, 'Myriam', 'Armstrong', 'f', '6159 Nolan Place', 95400, 'vincenzaondrick', 'AYuS8lFmCS4', 995550964),
	(544374867, 'Adela', 'Kovacek', 'f', '97295 Davonte Lane Suite 810', 88600, 'hudsonjaida', '2HcvTVwQ8xDmH5', 928657859),
	(961708491, 'Eloisa', 'Strosin', 'f', '49089 Tyrique Plains', 46600, 'hans90', 'tAxwfZAhe8D6', 452691592),
	(365829232, 'Trent', 'Ledner', 'm', '4062 Hayes Run Suite 393', 48700, 'guadalupemarqua', 'BcoKKP3oMr', 928657859),
	(490220465, 'Chelsie', 'Padberg', 'f', '2806 Lucious Ford', 22800, 'rmonahan', 'jTkvWe5sVxlc', 995550964),
	(109908777, 'Gene', 'Bailey', 'm', '70373 Willms Station', 54900, 'delphialubowitz', 'msnGz2KRY', 802165137),
	(593434209, 'Corine', 'Rath', 'f', '88591 Ervin Locks', 17900, 'hayden81', 'S8dfEl57Zr', 340925197),
	(998326418, 'Brenna', 'Kuvalis', 'f', '9677 Greenholt Spurs Suite 167', 84600, 'erynhyatt', 'ZsGpaBaA4gK', 995550964),
	(379157062, 'Malachi', 'Macejkovic', 'm', '3218 Collier Oval Apt. 361', 12100, 'harmonfeil', 'cSEhRNvgB', 452691592),
	(394374310, 'Frieda', 'Wiza', 'f', '2952 Reinger Squares', 61600, 'pschimmel', 'eOYao0MxTk', 980343996),
	(542128672, 'Angie', 'Greenfelder', 'f', '54225 Reva Underpass Suite 500', 26700, 'jana09', 'tNcErB5ODCS', 995550964),
	(314397483, 'Emelia', 'Kiehn', 'f', '3901 Rippin Land Apt. 189', 85200, 'strackeceasar', 'gUTh92bgrTW', 849722848),
	(86851226, 'Domenick', 'Bradtke', 'm', '13634 Allie Streets', 15800, 'xwaelchi', 'RylmJbULJlBK', 802165137),
	(544948972, 'Camren', 'Hahn', 'f', '4704 Stokes Ville', 23400, 'erobel', 'yrAzOW02', 452691592),
	(541264444, 'Hermina', 'Koch', 'f', '305 Forest Ridges Suite 520', 61300, 'ignaciokunde', 'bG0ou7Q1uK', 849722848),
	(891570564, 'Shanon', 'Cummings', 'f', '90149 Connelly Alley', 52700, 'kreigerantonia', '6dKgoyeoxOb', 849722848)
insert into analyst
values
	(541834690, 'Dawson', 'Bauch', 'm', '4777 McDermott Valley', 81600, 'nicholauspagac', '70RqXhYP', 487876976),
	(25248387, 'Gage', 'Powlowski', 'm', '427 Abbey Land Suite 954', 18900, 'lednerfannie', 'jFHy6rwZ6upd', 995550964),
	(351457423, 'Meggie', 'Luettgen', 'f', '334 Glenda Dam', 51700, 'purdydejuan', 'OmPyfgDf', 340925197),
	(588839344, 'Daphney', 'Wisozk', 'f', '771 Granville Hill', 15100, 'werner61', 'ou26VxN84F', 849722848),
	(103461708, 'Francisco', 'Pouros', 'm', '282 Cicero Mall', 45400, 'brice', 'ylCxCWiPfs', 849722848),
	(599366452, 'Dominic', 'Greenholt', 'm', '9251 Reilly Well', 78400, 'thalia96', 'gN36VwDGirN', 780157471),
	(665521672, 'Sheridan', 'Herman', 'm', '46137 Etha Estates Apt. 260', 92200, 'hettingerlinwoo', 'X4JOcbp0jf', 487876976),
	(345504827, 'Coby', 'Dibbert', 'm', '7129 Cormier Ports Suite 718', 61700, 'ppaucek', '0Y3PesnD0phI', 980343996),
	(229164144, 'Myrtie', 'Fadel', 'f', '742 Velda Trail', 21200, 'adah97', '0fdSkWoa', 802165137),
	(358369758, 'Malika', 'Kulas', 'f', '266 Dibbert Hills', 33200, 'marie93', 'dL59Fzw6wU9iK', 995550964),
	(616438106, 'Scotty', 'Schneider', 'm', '9910 Schneider Shores Apt. 730', 94300, 'rickgusikowski', 'RxQKZHFp0', 802165137),
	(948840537, 'Alverta', 'Jones', 'f', '2782 Annabell Way Apt. 055', 36300, 'egerhold', 'daBUl7QLX', 802165137),
	(13191737, 'Thora', 'Moore', 'f', '642 Kshlerin Port', 17900, 'yhoppe', 'T3d9FP9MW', 765018846),
	(496566868, 'Davin', 'Jerde', 'm', '559 Crooks Bridge', 78100, 'kilbackcedrick', 'V12KH8rcBEz', 452691592),
	(948315630, 'Tyreek', 'Balistreri', 'm', '6369 Marks Port Suite 063', 92500, 'cassinransom', 'tN5AplIXJ', 487876976),
	(210471448, 'Alexandria', 'Will', 'f', '220 Predovic Cliff Apt. 188', 61200, 'baron66', 'Pk6VgbDiSoV3B4', 928657859),
	(377407447, 'Roselyn', 'Swaniawski', 'f', '3913 Goodwin Track', 28700, 'alysamann', 'VrvdkVxdY', 980343996),
	(660800335, 'Tyrell', 'Johnston', 'm', '135 Jalen Canyon Suite 996', 89600, 'vickychamplin', 'yc1dnnj6Gu', 928657859),
	(953654334, 'Jarod', 'Kemmer', 'm', '6320 Thea Drives Apt. 207', 43900, 'junecarter', 'bo5X2ruEDsYH', 765018846),
	(93889387, 'Ethyl', 'Reynolds', 'f', '3783 Mckenzie Shoals Suite 200', 78500, 'alexandrea73', '3oygBwvNuD', 765018846),
	(655192259, 'Rocky', 'Stokes', 'm', '72112 Turner Junctions', 79800, 'nadercade', '92lj8aB1n', 340925197),
	(226198711, 'Lloyd', 'Padberg', 'm', '330 Carolanne Village', 84700, 'wellington60', 'AMsPhxhs9c', 487876976),
	(738692364, 'Etha', 'Morar', 'f', '967 Samanta Pines', 13200, 'jstamm', 'PsRRixdUl3', 802165137),
	(519655608, 'Alva', 'Braun', 'f', '983 Mueller Islands Apt. 933', 96500, 'javon11', 'RlbNw1SFvtp', 340925197),
	(840381111, 'Garfield', 'Steuber', 'm', '10160 Euna Valleys Apt. 771', 41700, 'schmelerbria', 'j4XYhO7L8', 849722848),
	(357237284, 'Cristina', 'Smitham', 'm', '8194 Buckridge Isle Apt. 494', 89600, 'edwinpowlowski', 'DlI8VuRXn', 487876976),
	(537032254, 'Sherwood', 'Wilderman', 'm', '392 Lessie Stream Suite 948', 75500, 'gmccullough', 'yJaNHFbI', 849722848),
	(114252275, 'Keshawn', 'Dicki', 'm', '45810 Douglas Ranch Suite 025', 28900, 'morissettenikko', 'MYTZTQV1yJv', 487876976),
	(621660993, 'Liliana', 'Mohr', 'f', '3686 Wintheiser Stream', 39300, 'elainarosenbaum', 'N7w14tEJEycgW', 849722848),
	(910113613, 'Lurline', 'Waelchi', 'f', '621 Stephon Knolls Suite 476', 77900, 'braden85', 'b9DfXylgUu', 980343996),
	(784956133, 'Cydney', 'Mills', 'f', '24545 Rempel Pines Apt. 250', 73200, 'jakaylanienow', 'ODOhFgV0Bh', 980343996),
	(145232039, 'Hipolito', 'Considine', 'm', '28200 Whitney Trace Suite 103', 81800, 'zbrekke', 'tF3QcRLLGcB', 980343996),
	(344319384, 'Myrtice', 'Watsica', 'f', '953 Jamey Heights', 79600, 'valerie24', 'bppaJWQS16x4', 487876976),
	(161043613, 'Keshaun', 'Bergnaum', 'm', '1412 Rosemary Dale Apt. 850', 81400, 'hauckdarryl', 'cCkzKVFEL77a', 928657859),
	(145410070, 'April', 'Schuster', 'f', '2518 Christiansen Centers', 23700, 'irma69', '9qR4kSEMKXa1z', 802165137),
	(572214940, 'Alexandria', 'Marks', 'f', '2401 Monahan Mills', 98300, 'reichellilly', '82YiDRFc8k', 995550964),
	(495415897, 'Karolann', 'Langosh', 'f', '188 Bechtelar Ferry Apt. 523', 84400, 'mreilly', 'aNJjRb2Z', 780157471),
	(807467192, 'Isadore', 'Hand', 'm', '52090 Lottie Crest Suite 240', 59900, 'harberaurelia', 'mNtfjbdcqqr4j', 780157471),
	(634135301, 'Annie', 'Botsford', 'f', '9164 Aletha Mountains', 99700, 'qcarter', '10LM8bFrXX', 995550964),
	(692108192, 'Mac', 'Heathcote', 'm', '29781 Constantin Greens Suite 649', 34200, 'mortimerkihn', 'KBZEp6nTm50R', 995550964),
	(43761404, 'Eliza', 'Lehner', 'f', '366 Rosie Crossroad', 29200, 'nickolas28', 'dhCHUQCRW5PTr', 980343996),
	(123403927, 'Luciano', 'Ernser', 'm', '579 Kuhn Trail Apt. 081', 56100, 'stammtrudie', 'gUQ2kSdJXe', 340925197),
	(166874937, 'Otho', 'Goyette', 'm', '242 Daniel Square', 82300, 'tnikolaus', 'm6c9aKAjksJ', 340925197),
	(409912496, 'Wyman', 'Hudson', 'm', '8799 Wuckert Fall', 78800, 'rlangworth', 'jiHgBOMCO', 980343996),
	(480107784, 'Ari', 'Gottlieb', 'm', '41572 Ledner Haven', 97300, 'krystalsimonis', '2PermEMxMMl', 980343996),
	(660481469, 'Marshall', 'Gleichner', 'm', '90100 Abernathy Tunnel Suite 629', 87400, 'rosella82', 'Bh8aO3eVN8J8', 928657859),
	(299476907, 'Elouise', 'Parisian', 'f', '3942 Edmond Circle', 52700, 'mckennaschmidt', 'JamH4FGseACMQ', 487876976),
	(81431357, 'Zola', 'Rolfson', 'f', '6244 Dana Inlet', 12800, 'rtreutel', 'fUkPDwvdeOlG', 928657859),
	(785471439, 'Vincenza', 'Smitham', 'f', '58438 Bert Mountains Apt. 089', 21600, 'qklein', '1NPL08Wg', 802165137)
insert into paymentCard
values
	(343299745, 2169),
	(309736617, 984),
	(251449660, 8655),
	(290618334, 8340),
	(109223804, 217),
	(702113451, 8320),
	(767392589, 8306),
	(183683994, 6550),
	(111203599, 7549),
	(10187831, 4944),
	(972593601, 2687),
	(153995188, 7195),
	(318879267, 5511),
	(886766613, 5772),
	(880000742, 819),
	(752512557, 8917),
	(570040340, 1971),
	(751021024, 7626),
	(533831983, 9895),
	(327406989, 8300),
	(932400554, 8690),
	(358677434, 4444),
	(4090149, 7080),
	(866126698, 9408),
	(329160612, 2076),
	(643846831, 6886),
	(51723475, 354),
	(308127128, 615),
	(302209637, 9097),
	(839724208, 2606),
	(184504655, 5240),
	(12232738, 176),
	(909865455, 6412),
	(807392414, 6187),
	(763660942, 8382),
	(168321842, 432),
	(268659787, 8742),
	(295588611, 6022),
	(401760724, 684),
	(722070766, 1621),
	(515585684, 2976),
	(683216380, 7954),
	(20050942, 4318),
	(277802390, 4939),
	(519752376, 6354),
	(939899059, 5553),
	(762385537, 7429),
	(940376169, 5162),
	(243155306, 3281),
	(553968070, 4320)
insert into trip
values
	(458471240, 'Indianapolis', '2021-1-9', 5, 120),
	(106997833, 'Minneapolis', '2021-11-15', 8, 289),
	(372146399, 'Laredo', '2021-10-23', 9, 117),
	(628490105, 'Memphis', '2021-4-20', 10, 705),
	(328951693, 'San Diego', '2021-1-26', 2, 887),
	(921400597, 'Washington', '2021-8-8', 8, 573),
	(158858656, 'Laredo', '2021-10-4', 11, 133),
	(997442589, 'Chicago', '2021-8-5', 5, 701),
	(486121551, 'Dallas', '2021-5-10', 9, 234),
	(349290785, 'Houston', '2021-10-13', 3, 785)
insert into Passenger
values
	(727496779, 'Shyann', 'Hammes', 'f', '+11206523132', 'francescaveum', 'XV85ZvVGg', 328951693, 343299745),
	(683383820, 'Braulio', 'Corkery', 'm', '+11172155487', 'kiel54', 'mEHgFW4lY', 106997833, 10187831),
	(879573535, 'Isabelle', 'Feeney', 'f', '+11227625727', 'brucereynolds', 'Ryb6Ia74VP', 486121551, 268659787),
	(281329130, 'Callie', 'Hintz', 'f', '+11016672696', 'mdonnelly', 'uHHHSGaE', 458471240, 702113451),
	(179602766, 'Annetta', 'Feeney', 'f', '+11189622700', 'loycorwin', 'gNHcMsljNT', 158858656, 839724208),
	(739202893, 'Merl', 'Cronin', 'm', '+11151443536', 'bogisichvirgini', '5YaR5K7UXb', 458471240, 939899059),
	(434076686, 'Tiffany', 'Gleason', 'f', '+11041658043', 'jarretglover', 'mnkOySJiw', 458471240, 932400554),
	(660617337, 'Camylle', 'Keeling', 'f', '+11127065650', 'eratke', 'pSWvE90S4', 158858656, 752512557),
	(740594395, 'Athena', 'Zboncak', 'f', '+11218428890', 'scotkonopelski', 'CazQolrdnXpBfVF', 458471240, 12232738),
	(134936404, 'Christelle', 'Shanahan', 'f', '+11255021503', 'jrenner', 'u39sH4wcef9', 921400597, 51723475),
	(23793113, 'Cicero', 'Rolfson', 'm', '+11174703068', 'qrussel', 'ha9Gy6o5uz9', 458471240, 886766613),
	(490015136, 'Blair', 'Padberg', 'm', '+11276693188', 'nia42', 'FceFOVtDeAwq', 158858656, 519752376),
	(518593482, 'Dorothy', 'McCullough', 'f', '+11269614020', 'pterry', 'BEKm6n70Rsd', 486121551, 939899059),
	(838747793, 'Sim', 'Bashirian', 'm', '+11243263308', 'israelohara', 'GiYhBWmkU', 328951693, 515585684),
	(14068803, 'Jesse', 'Leffler', 'm', '+11196407695', 'jhomenick', 'XhJilkDIc2t', 458471240, 290618334),
	(104151853, 'Gisselle', 'Hegmann', 'f', '+11035572084', 'flossierussel', 'Gicck29CX3JuHb', 486121551, 343299745),
	(503179344, 'Camilla', 'Anderson', 'f', '+11297901511', 'brannonokuneva', 'LvN7kF8NK', 349290785, 570040340),
	(223392775, 'Judge', 'Dicki', 'm', '+11193186642', 'portiz', 'E3dyQMNBif', 328951693, 940376169),
	(820470195, 'Avery', 'Rath', 'm', '+11071895172', 'tobin88', '1WGJjcb6o', 458471240, 251449660),
	(706645447, 'Chyna', 'Wilkinson', 'f', '+11031804461', 'fkrajcik', 'UaMTFw9BNU', 349290785, 940376169),
	(429801724, 'Karina', 'Haag', 'f', '+11150538103', 'einoschaefer', 'ms3m3FaW8xI7', 921400597, 533831983),
	(646847675, 'Nyah', 'Johns', 'f', '+11056787688', 'uzieme', 'YYNxRyACz', 328951693, 168321842),
	(472387810, 'Isaac', 'Jaskolski', 'm', '+11199128616', 'ygraham', 'GlSoV1nHb', 997442589, 932400554),
	(756868029, 'Zoe', 'Lang', 'f', '+11117535813', 'cyril51', 'YZvR0okKM', 328951693, 111203599),
	(943502921, 'Adalberto', 'Grimes', 'm', '+11165003294', 'abbottterrance', 'jG5Oe5qxDTq', 106997833, 343299745),
	(949851458, 'Hailee', 'Yundt', 'f', '+11205754048', 'qhintz', 'nDzHHJUD0F', 328951693, 533831983),
	(829208894, 'Sheila', 'Murphy', 'f', '+11111710588', 'ricardolubowitz', 'XJq6QCE5Fh', 997442589, 702113451),
	(184954686, 'Edgar', 'Blick', 'm', '+11012106591', 'gorczanyrosina', '0wrj4fc40', 158858656, 277802390),
	(134314547, 'Magdalena', 'Turcotte', 'f', '+11238807231', 'hipolitoleffler', 'MRt575O6', 328951693, 909865455),
	(882897693, 'Anabel', 'Vandervort', 'f', '+11254299120', 'mmiller', 'v3rRHZfjE0Bw', 106997833, 866126698),
	(54104188, 'Carlee', 'Pollich', 'f', '+11041412295', 'efadel', 'VuaeSwPbYVrC', 349290785, 940376169),
	(301736705, 'Nicholas', 'Kerluke', 'm', '+11206317431', 'mohrbennett', 'T8JdSnTl5vOKx', 997442589, 268659787),
	(84637204, 'Melvina', 'Schultz', 'm', '+11016852098', 'jakubowskievera', '0f2cYHneLoKGmp', 349290785, 168321842),
	(607666490, 'Kamryn', 'Weber', 'm', '+11250373828', 'buckridgepearli', 'hbkvaDiI', 106997833, 290618334),
	(202137578, 'Lyric', 'Zemlak', 'm', '+11276911981', 'pboyle', 'onzlreDfIoOo', 458471240, 51723475),
	(23639040, 'Frederick', 'Powlowski', 'm', '+11038529241', 'emerson79', 'Z3SqdDtt9Tob', 158858656, 533831983),
	(832388912, 'Crystal', 'Hickle', 'f', '+11199441828', 'wauer', 'cKoovFeMI2Ee', 997442589, 515585684),
	(727741759, 'Brandy', 'Bode', 'f', '+11186293105', 'jessikathompson', 'EGtau3T4emUp', 158858656, 643846831),
	(52038437, 'Tracey', 'Kuhn', 'm', '+11100728119', 'zbeier', 'BSikLBboO', 349290785, 183683994),
	(821875544, 'Gideon', 'Wunsch', 'm', '+11103439263', 'amaliafisher', 'D7FkNR13ll', 106997833, 762385537),
	(346968261, 'Myrtle', 'Ebert', 'f', '+11125233064', 'nwilliamson', 'oXlcDz0qME', 349290785, 109223804),
	(578958313, 'Jabari', 'Lindgren', 'm', '+11004792101', 'faheyzoe', 'xCe2EA2Rkf3Uzp', 997442589, 763660942),
	(472378576, 'Karson', 'Ziemann', 'm', '+11279132106', 'geo87', 'AuEkdJ3A', 486121551, 763660942),
	(36384415, 'Hope', 'White', 'f', '+11174798802', 'kaylah39', 'iicQWapK', 997442589, 940376169),
	(455707226, 'Mittie', 'Dicki', 'f', '+11012043933', 'lester51', 'ND3L0Dbr9', 458471240, 767392589),
	(711458832, 'Antonia', 'Erdman', 'f', '+11242226083', 'mcdermottkelli', 'EOuFbiWRca', 328951693, 4090149),
	(85814135, 'Nat', 'Jakubowski', 'm', '+11106615037', 'hesselmina', 'jwsLeiQzaZ', 328951693, 4090149),
	(90025856, 'Armand', 'Sanford', 'm', '+11077331240', 'dietrichgermain', 'ZL4yCZnx9', 372146399, 4090149)
insert into driver
values
	(574860753, 'Aida', 'Jacobi', 'f', '48599 Bednar Viaduct', 23400, 'julianne25', '9KsUJtNdrf', 3.5),
	(845785500, 'Bettye', 'McKenzie', 'f', '6000 Walker Wall', 64800, 'wgrady', 'ppd9zZnYyTpE', 4.5),
	(618654132, 'Zora', 'Ziemann', 'f', '32975 Alfredo Circles Suite 571', 26300, 'kessleralphonso', 'PkTf2kmR2A', 4),
	(292383690, 'Mortimer', 'Ward', 'm', '121 Burdette Parks Suite 755', 27800, 'lorenzrutherfor', 'n0PDtNdwhAS', 3.5),
	(634490761, 'Ima', 'Kreiger', 'f', '613 Effertz Loaf', 96700, 'karlie47', 'UwPhoNqITKcP', 5),
	(965661508, 'Carole', 'Hudson', 'f', '85641 Marlin Crossroad', 59400, 'wildermancelest', 'nIrHYJwzixM', 4),
	(672228884, 'Florian', 'Olson', 'm', '47693 Cesar Throughway', 48600, 'sherman27', '3jpXLV7oa', 4.5),
	(566816607, 'Burdette', 'Hansen', 'f', '86962 Abdullah Knolls Suite 462', 85900, 'pagacbraden', 'NQuV9F7MN', 0.5),
	(766488825, 'Adrianna', 'Simonis', 'f', '6427 Sean Park', 91500, 'laurynstanton', 'vDSr0uWt', 4.5),
	(652108037, 'Amira', 'Purdy', 'f', '420 Bergstrom Radial', 14700, 'elisabeth22', 'MvvnOIAx8', 1.5)
insert into mechanic
values
	(801998505, 'Maybell', 'Jerde', 'f', '44633 Ratke Stravenue Suite 285', 83600, 'bsipes', 'NASoZUtUHSBS'),
	(895295657, 'Elmore', 'Halvorson', 'm', '52704 Reina Viaduct Apt. 933', 49600, 'astehr', 'OTdp9PoJrj3'),
	(924887977, 'Mittie', 'Herman', 'f', '82903 Vita Glen Suite 967', 59600, 'goldnerkitty', '8sCEr3uE4'),
	(18296771, 'Lizeth', 'Bednar', 'f', '531 Erna Alley', 56100, 'lindelinore', 'Aw0fo9dBUjn'),
	(731360451, 'Viviane', 'Ryan', 'f', '8490 Antonetta Avenue Suite 339', 59700, 'ohand', '4gqkqjy2lZg'),
	(949794785, 'Misty', 'Steuber', 'f', '5625 Lind Station Suite 942', 98300, 'hailie51', 'wj6EQ9VjhnTG'),
	(560243766, 'Paul', 'Lemke', 'm', '7146 Cade Mission Suite 204', 87100, 'solon97', 'jwdakfAwSU1b'),
	(525931993, 'Twila', 'Bahringer', 'f', '6540 Blanda Parkway Suite 521', 92600, 'sengergrace', 'IYQfwkzmUH2qHE'),
	(237656393, 'Jairo', 'Konopelski', 'm', '47902 Hintz Isle Apt. 982', 32100, 'jacklyn17', 'AUuvcKjQad9X'),
	(971412240, 'Maximillia', 'Hammes', 'f', '25155 Derick Stravenue', 84700, 'walterfilomena', 'v8cVQroVf'),
	(287892712, 'Hester', 'Kirlin', 'm', '14674 Zemlak Junction', 21600, 'winona59', 'xJmg7Haz73Aeu5'),
	(108788007, 'Jimmy', 'Lowe', 'm', '40408 Langosh Trail', 69400, 'schuppeleta', 'Fsii3Seg3VEJ'),
	(541779716, 'Aiyana', 'Pouros', 'f', '15498 Halvorson Divide', 98700, 'qhudson', 'pgofRJCM'),
	(497338994, 'Jerrod', 'Christiansen', 'm', '36703 Jacobs Plains Suite 796', 57700, 'carriebradtke', 'yW1DouRtlkZZf'),
	(156327813, 'Ryley', 'Lubowitz', 'm', '104 Zemlak Village Apt. 322', 77900, 'smithfletcher', 'WiaBjyox9V'),
	(482912607, 'Glenna', 'Ryan', 'f', '26424 Kirk Mountains Suite 481', 46600, 'kayla23', 'z8crRvrGaBoU'),
	(775812446, 'Fermin', 'Sipes', 'm', '75286 Schroeder Mountains Suite 110', 58200, 'iwilderman', 'lPpKVhIXA1Jc'),
	(85797751, 'Yvonne', 'Feil', 'f', '4097 Danika Mission', 71800, 'anya11', 'sF2lDooiZ'),
	(515293582, 'Geo', 'Schoen', 'm', '2975 Trey Crest', 82500, 'runolfsdottirda', 't98AzPQV8'),
	(392306082, 'Eliseo', 'Gusikowski', 'm', '269 Eulah Unions Suite 285', 76200, 'xkuhic', 'LZuZSGLsTMFYm'),
	(185488626, 'Benton', 'Bode', 'm', '4990 Haag Place', 21700, 'jeanette71', 'V5so29abw'),
	(807156362, 'Nat', 'Bechtelar', 'm', '485 Jed Manor Apt. 289', 89400, 'don76', 'QhyZk9tD'),
	(677516036, 'Trenton', 'Keebler', 'm', '9931 Jose Plaza Suite 265', 47800, 'juvenal93', 'fQHaxftqIE'),
	(651577081, 'Gonzalo', 'Reichert', 'm', '878 Oberbrunner Estates', 19300, 'madelinekovacek', 'BvHsGsOHOk'),
	(137905513, 'Naomi', 'Aufderhar', 'f', '368 Lilla Spur Apt. 584', 69100, 'christa87', '5BBCRssVci'),
	(926272185, 'Ernest', 'Stiedemann', 'm', '59725 Lupe Shoal Suite 599', 74100, 'jastedison', 'D2lJPds1RVos'),
	(574282229, 'Grover', 'Beer', 'm', '82420 Ashleigh Key Suite 546', 24600, 'alysha02', 'j7KcuQ0dr'),
	(438378446, 'Miller', 'Schmidt', 'm', '26341 Conner Light', 17900, 'dgoldner', 'K3oZn2E120'),
	(934381852, 'Norma', 'Langosh', 'f', '35533 Lang Field', 14900, 'rolandowalsh', 'SRsOj0qFjVI'),
	(843120017, 'Deborah', 'Cassin', 'f', '91005 Kassulke Rest Suite 749', 43900, 'ernesto53', 'jWxN0vQTm'),
	(193471728, 'Wanda', 'Hansen', 'f', '61505 Emilio Keys Suite 601', 45500, 'alicehansen', 'Lo9KRcS0l'),
	(508070145, 'Daphnee', 'Hickle', 'f', '971 Kon Circles Suite 764', 32800, 'zjacobi', '7rBuxbUYY'),
	(814552459, 'Chanel', 'Brown', 'f', '848 Koch Creek Suite 891', 75200, 'rkeeling', 'ajpmdqClzB'),
	(949133155, 'Matilda', 'Hirthe', 'f', '917 Gottlieb Street Apt. 650', 75300, 'thansen', 'u4MGovdI'),
	(906556663, 'Cheyanne', 'Lueilwitz', 'f', '32205 Heaney Bypass Suite 673', 23800, 'fcollier', 'JKsKajj1n'),
	(860920088, 'Jeanie', 'Braun', 'f', '334 Shaun Mountains', 15300, 'feilheloise', '5J2X0ioZocWC'),
	(618729454, 'Fleta', 'Littel', 'f', '54810 Tremblay Harbor Apt. 597', 78800, 'boehmclint', 'y7wTlzEEKMm'),
	(17610901, 'Christ', 'Lesch', 'm', '46016 Leland Lane Suite 992', 49300, 'mossieking', 'P0XIo1lxPS'),
	(654705255, 'Adrien', 'Jacobson', 'm', '5800 Vandervort Stream Suite 126', 21500, 'allene66', 'ZgAJdBcZbo'),
	(812526496, 'Sam', 'Hills', 'm', '4350 Cameron Passage Apt. 949', 39900, 'zwelch', 'ZkfnYra4'),
	(990833774, 'Joana', 'Gerhold', 'f', '56986 Skiles Squares Apt. 527', 83200, 'leilani74', '91SZjuNX1O'),
	(156672670, 'Michale', 'Conroy', 'm', '809 Carmen Courts', 89900, 'chowell', 'uQ6uukpHET'),
	(261797365, 'Quinten', 'Reichel', 'm', '303 Stark Lock', 71800, 'hbahringer', 'D5mAsyqxP'),
	(270286245, 'Lilliana', 'Welch', 'f', '9600 Rosalia Expressway', 71800, 'stammguiseppe', 'AGHTthi0Bx3'),
	(927655960, 'Ambrose', 'Volkman', 'm', '7310 Lucas Row Suite 763', 68600, 'jermey90', 'oE6E3mEeJeHYN'),
	(163371634, 'Eldon', 'Durgan', 'm', '337 Lyda Loaf Suite 173', 23200, 'camilleaufderha', 'vGhQUzatvP'),
	(197747114, 'Frida', 'Sauer', 'f', '555 Marvin Knolls Suite 477', 48900, 'katarinasauer', 'shdxBCtsCsu'),
	(486775493, 'Carey', 'Mann', 'm', '800 Gutkowski Run Suite 722', 72700, 'jrowe', '2qtVlV1lRPW'),
	(623193790, 'Juwan', 'Adams', 'm', '4802 Hamill Drives Apt. 463', 22300, 'hesseldalton', '5E229quv0q')
insert into vehicle
values
	(206172255, 'mercides', 'super jet', 0, 20, 40, 458471240, 765018846, 574860753),
	(219259356 , 'mercides', 'super jet', 0, 20, 40, 106997833, 487876976, 845785500),
	(712757970, 'mercides', 'super jet', 0, 20, 40, 372146399, 980343996, 618654132),
	(856824338, 'mercides', 'super jet', 0, 20, 40, 628490105, 928657859, 292383690),
	(192279395, 'mercides', 'super jet', 0, 20, 40, 328951693, 452691592, 634490761),
	(970700291 , 'mercides', 'super jet', 0, 20, 40, 921400597, 849722848, 965661508),
	(760959908 , 'mercides', 'super jet', 0, 20, 40, 158858656, 802165137, 672228884),
	(33853371, 'mercides', 'super jet', 0, 20, 40, 997442589, 995550964, 566816607),
	(104672228 , 'mercides', 'super jet', 0, 20, 40, 486121551, 780157471, 766488825),
	(241382708, 'mercides', 'super jet', 1, 0, 40, 349290785, 340925197, 652108037)

insert into fix
values
	(241382708, 801998505),
	(856824338, 801998505),
	(712757970,927655960)